frame,luma_stock,luma_context,delta_stock,delta_context
0,68.744766,68.744766,,
1,69.575996,69.575996,0.01209154,0.01209154
2,69.564430,69.564430,-0.00016624,-0.00016624
3,69.767723,69.767723,0.00292237,0.00292237
4,69.487640,69.487640,-0.00401450,-0.00401450
5,69.716286,69.716286,0.00329045,0.00329045
6,69.630692,69.630692,-0.00122775,-0.00122775
7,69.791313,69.791313,0.00230677,0.00230677
8,69.658928,69.658928,-0.00189687,-0.00189687
9,69.951508,69.951508,0.00420017,0.00420017
10,70.172028,70.172028,0.00315247,0.00315247
11,70.475876,70.475876,0.00433005,0.00433005
12,70.548325,70.548325,0.00102799,0.00102799
13,70.748558,70.748558,0.00283825,0.00283825
14,70.912445,70.912445,0.00231647,0.00231647
15,71.021942,71.021942,0.00154412,0.00154412
16,70.905518,70.905518,-0.00163928,-0.00163928
17,70.498734,70.498734,-0.00573699,-0.00573699
18,70.549980,69.275856,0.00072692,-0.01734609
19,70.689354,69.689346,0.00197553,0.00596875
20,70.611549,69.521812,-0.00110065,-0.00240401
21,70.814301,69.863815,0.00287136,0.00491936
22,70.563995,64.377342,-0.00353467,-0.07853097
23,70.779663,67.121513,0.00305634,0.04262635
24,70.679962,70.026352,-0.00140861,0.04327731
25,70.871109,71.067703,0.00270440,0.01487085
26,70.633408,71.570511,-0.00335400,0.00707505
27,70.855309,71.417725,0.00314159,-0.00213477
28,70.707573,71.157555,-0.00208503,-0.00364293
29,70.943611,71.278625,0.00333823,0.00170145
30,70.747459,69.465317,-0.00276490,-0.02543973
31,70.973030,70.611320,0.00318839,0.01649750
32,70.778343,72.153450,-0.00274311,0.02183969
33,70.840271,73.996201,0.00087495,0.02553933
34,69.934357,68.892090,-0.01278813,-0.06897801
35,69.899620,68.707565,-0.00049670,-0.00267846
36,69.525078,68.696411,-0.00535829,-0.00016234
37,69.509460,68.444855,-0.00022463,-0.00366186
38,69.295326,68.414803,-0.00308065,-0.00043907
39,69.068222,62.652298,-0.00327734,-0.08422891
40,68.951065,64.823967,-0.00169625,0.03466224
41,69.100723,68.838821,0.00217050,0.06193472
42,69.043861,69.908592,-0.00082288,0.01554023
43,69.077782,70.289497,0.00049129,0.00544862
44,69.121216,70.041473,0.00062877,-0.00352861
45,69.324425,70.186882,0.00293989,0.00207604
46,69.364082,70.345345,0.00057206,0.00225772
47,69.399254,68.709373,0.00050706,-0.02325628
48,69.440063,69.487198,0.00058804,0.01132050
49,69.549561,71.308876,0.00157686,0.02621603
50,69.549995,72.803238,0.00000625,0.02095618
51,69.124580,67.967117,-0.00611668,-0.06642727
52,69.142456,67.580170,0.00025860,-0.00569316
53,69.287422,68.239700,0.00209663,0.00975923
54,69.310730,68.262146,0.00033639,0.00032892
55,69.448395,68.352036,0.00198620,0.00131683
56,69.331131,62.843548,-0.00168850,-0.08058996
57,69.656799,65.464211,0.00469729,0.04170138
58,69.687599,69.024170,0.00044217,0.05438024
59,69.876396,70.377495,0.00270919,0.01960654
60,69.722313,70.802322,-0.00220508,0.00603641
61,70.209625,70.836754,0.00698933,0.00048630
62,70.211372,70.800903,0.00002488,-0.00050610
63,70.510101,71.045204,0.00425471,0.00345053
64,70.305428,69.108337,-0.00290276,-0.02726246
65,70.783203,70.517494,0.00679571,0.02039055
66,70.802948,72.516167,0.00027895,0.02834293
67,70.934196,74.113716,0.00185371,0.02203025
68,70.071907,68.916954,-0.01215619,-0.07011876
69,70.421204,69.431038,0.00498483,0.00745947
70,70.374527,69.814156,-0.00066282,0.00551796
71,70.569099,69.334229,0.00276481,-0.00687435
72,70.402397,69.532974,-0.00236226,0.00286649
73,70.511658,63.923180,0.00155194,-0.08067819
74,70.419640,67.207077,-0.00130501,0.05137256
75,70.577423,70.221130,0.00224062,0.04484726
76,70.348312,71.079292,-0.00324623,0.01222085
77,70.573578,71.655113,0.00320215,0.00810111
78,70.570976,71.674118,-0.00003686,0.00026523
79,70.838722,71.619743,0.00379400,-0.00075864
80,70.758659,71.740349,-0.00113021,0.00168397
81,70.929749,70.481583,0.00241793,-0.01754614
82,71.011101,71.514694,0.00114694,0.01465789
83,71.235336,72.514587,0.00315775,0.01398165
84,71.165321,73.664841,-0.00098287,0.01586237
85,70.853065,69.802719,-0.00438775,-0.05242829
86,71.054420,69.905052,0.00284187,0.00146603
87,71.224777,69.828789,0.00239755,-0.00109096
88,71.140839,69.920975,-0.00117850,0.00132017
89,71.231934,70.321732,0.00128049,0.00573157
90,70.944794,64.891647,-0.00403106,-0.07721773
91,70.893417,67.195549,-0.00072417,0.03550382
92,70.707947,70.378151,-0.00261619,0.04736328
93,70.676331,71.407730,-0.00044714,0.01462924
94,70.403076,71.763519,-0.00386628,0.00498250
95,70.386154,71.303581,-0.00024036,-0.00640908
96,70.188957,71.047401,-0.00280164,-0.00359280
97,70.273338,70.949043,0.00120220,-0.00138440
98,70.068985,69.577187,-0.00290798,-0.01933580
99,70.215836,70.327065,0.00209580,0.01077764
100,70.172112,71.977318,-0.00062271,0.02346541
101,70.304115,73.143921,0.00188114,0.01620793
102,69.543861,68.266785,-0.01081379,-0.06667863
103,69.808617,68.419846,0.00380703,0.00224210
104,69.754105,68.629356,-0.00078088,0.00306213
105,70.037964,68.583725,0.00406943,-0.00066490
106,70.069717,69.171669,0.00045338,0.00857265
107,70.010956,63.705364,-0.00083862,-0.07902520
108,69.896309,66.193184,-0.00163756,0.03905197
109,70.096695,69.305893,0.00286690,0.04702462
110,70.071983,70.648643,-0.00035254,0.01937426
111,70.099762,71.155884,0.00039643,0.00717976
112,69.973732,70.809593,-0.00179787,-0.00486665
113,70.151932,70.984879,0.00254667,0.00247545
114,70.016548,70.772110,-0.00192986,-0.00299738
115,69.942734,68.939796,-0.00105424,-0.02589033
116,69.799194,69.737465,-0.00205224,0.01157051
117,69.932121,71.633598,0.00190442,0.02718959
118,69.778442,72.865715,-0.00219754,0.01720026
119,69.304901,68.315994,-0.00678635,-0.06243980
120,69.531723,69.672546,0.00327281,0.01985702
121,69.866043,70.099937,0.00480817,0.00613428
122,70.123070,70.304688,0.00367885,0.00292083
123,70.394463,70.854179,0.00387024,0.00781586
