frame,region,y,r,g,b
15,full,60.2245,76.3698,56.3433,37.8629
15,r0c0,22.1147,30.7751,19.1003,14.9221
15,r0c1,70.2107,89.2010,64.8792,47.8558
15,r0c2,98.0450,148.0606,86.7492,25.0267
15,r0c3,47.9409,70.3810,42.5868,16.6541
15,r1c0,41.8062,48.7578,41.1793,26.8014
15,r1c1,52.8937,69.5550,47.7762,35.5451
15,r1c2,37.0282,56.4842,32.1737,10.9953
15,r1c3,32.3919,42.8182,29.6616,19.1042
15,r2c0,71.3759,90.7913,68.1698,36.9617
15,r2c1,14.8475,15.4541,14.5702,14.6849
15,r2c2,50.1039,56.8550,48.8609,38.7974
15,r2c3,75.1528,81.1164,73.9301,65.8069
15,r3c0,102.5580,128.5816,94.9108,73.6796
15,r3c1,90.4250,104.7704,87.0650,70.1007
15,r3c2,116.6193,140.4536,111.7175,79.3466
15,r3c3,40.0779,47.8622,38.1623,29.5246
16,full,61.0060,77.3192,57.0566,38.5556
16,r0c0,22.6203,31.4292,19.5213,15.4733
16,r0c1,71.6874,90.9403,66.2873,48.9967
16,r0c2,98.9869,149.2467,87.6140,25.7261
16,r0c3,48.7033,71.4240,43.2270,17.3095
16,r1c0,42.4780,49.5192,41.8101,27.4490
16,r1c1,53.8859,70.7767,48.6781,36.4000
16,r1c2,37.6519,57.3097,32.7341,11.4160
16,r1c3,33.2001,43.9040,30.3560,19.7708
16,r2c0,72.1290,91.7529,68.8309,37.6413
16,r2c1,15.0266,15.6454,14.7388,14.8859
16,r2c2,50.7560,57.6363,49.4383,39.4954
16,r2c3,76.3014,82.3855,75.0240,66.9214
16,r3c0,103.3665,129.6008,95.6314,74.3878
16,r3c1,91.1210,105.5357,87.7348,70.7503
16,r3c2,117.4744,141.3594,112.5604,80.1315
16,r3c3,40.7072,48.6411,38.7192,30.1350
17,full,42.4373,57.8953,38.4317,22.5192
17,r0c0,15.7623,25.1744,12.3065,8.8704
17,r0c1,49.6315,69.6929,43.6121,28.0089
17,r0c2,79.7370,127.7005,68.4519,12.0464
17,r0c3,37.3037,58.4388,31.9755,9.3056
17,r1c0,30.6914,37.5220,29.8891,16.9074
17,r1c1,36.4290,52.8581,31.1929,20.2998
17,r1c2,25.5497,42.8691,20.6655,5.2740
17,r1c3,23.0920,32.7753,20.3224,11.9553
17,r2c0,52.7989,70.5428,49.7332,22.0455
17,r2c1,9.2393,9.8857,8.9293,9.1402
17,r2c2,33.7652,39.9996,32.3512,24.6943
17,r2c3,49.6990,55.6240,48.1634,42.0663
17,r3c0,70.5345,94.9187,62.9603,45.5798
17,r3c1,61.5279,75.9739,57.9251,42.1906
17,r3c2,79.6938,102.2978,74.6604,46.3251
17,r3c3,23.5417,30.0514,21.7686,15.5983
18,full,53.7958,69.7419,49.8296,32.3943
18,r0c0,20.2240,29.1194,17.0494,13.2394
18,r0c1,61.9028,81.2081,56.3351,39.9375
18,r0c2,90.5733,138.7403,79.3495,22.0332
18,r0c3,43.8960,65.1077,38.6701,15.1702
18,r1c0,38.3151,45.2262,37.5845,23.9509
18,r1c1,45.6180,62.0305,40.4833,29.0106
18,r1c2,32.8661,51.6384,28.0167,8.6000
18,r1c3,29.7260,39.6294,27.0549,17.5053
18,r2c0,64.8534,83.8675,61.5778,31.8492
18,r2c1,12.7969,13.6225,12.4484,12.4259
18,r2c2,44.3773,51.4632,42.9089,33.3535
18,r2c3,67.3941,73.4943,66.0190,58.4750
18,r3c0,91.1052,116.5257,83.4643,63.7758
18,r3c1,79.6072,94.6988,75.9769,58.7176
18,r3c2,103.7525,128.2861,98.5251,66.3221
18,r3c3,33.7241,41.2126,31.8095,23.9421
19,full,57.1253,73.3907,53.0908,35.2381
19,r0c0,20.5394,29.3999,17.4093,13.4170
19,r0c1,66.6874,86.5961,61.0204,43.6510
19,r0c2,93.7051,142.2804,82.4520,24.2453
19,r0c3,45.2560,66.6860,40.0871,15.6642
19,r1c0,38.8232,45.7190,38.0946,24.4881
19,r1c1,49.8613,66.9374,44.5289,32.5308
19,r1c2,35.1505,54.6099,30.1894,9.6571
19,r1c3,31.4660,41.6292,28.8184,18.4427
19,r2c0,67.8648,87.3081,64.4592,34.4044
19,r2c1,14.4241,15.3424,14.0038,14.1792
19,r2c2,47.7748,55.0789,46.2423,36.5088
19,r2c3,72.2408,78.5087,70.8532,62.9464
19,r3c0,97.4046,123.2818,89.6222,69.6065
19,r3c1,85.6470,100.9307,81.8731,64.9934
19,r3c2,110.6512,135.6250,105.2803,72.8049
19,r3c3,36.5081,44.3180,34.5183,26.2696
