space,t,t_mod_5,mean,std,abs_mean,l2
normalized,0,0,0.037514541298151016,0.8683607578277588,0.6973541378974915,213.2427978515625
normalized,1,1,0.031144745647907257,0.8523186445236206,0.6773506999015808,209.247802734375
normalized,2,2,0.00807308778166771,0.9479672312736511,0.7465569972991943,232.58322143554688
normalized,3,3,-0.015621889382600784,0.9900227189064026,0.7743033766746521,242.92294311523438
normalized,4,4,-0.021782152354717255,1.049800157546997,0.8182580471038818,257.61395263671875
normalized,5,0,0.06040196865797043,0.8471600413322449,0.6871588826179504,208.37026977539062
normalized,6,1,0.0611908845603466,0.8400757312774658,0.6781345009803772,206.65069580078125
normalized,7,2,0.0595301128923893,0.9367588758468628,0.7522137761116028,230.28858947753906
normalized,8,3,0.05470604449510574,0.986798882484436,0.7914589047431946,242.4735107421875
normalized,9,4,0.06324112415313721,1.0493619441986084,0.8400570154190063,257.9181213378906
normalized,10,0,0.032106172293424606,0.838818371295929,0.676098644733429,205.94680786132812
normalized,11,1,0.04181544855237007,0.8319165706634521,0.6694173216819763,204.36048889160156
normalized,12,2,0.04182124510407448,0.9182482957839966,0.7343068718910217,225.51712036132812
normalized,13,3,0.06058431789278984,0.9773107171058655,0.7828741073608398,240.23423767089844
normalized,14,4,0.06679195165634155,1.0485963821411133,0.8390700817108154,257.7845458984375
normalized,15,0,0.030505787581205368,0.8538362979888916,0.6855912804603577,209.61428833007812
normalized,16,1,0.028235452249646187,0.860418975353241,0.6902053356170654,211.20928955078125
normalized,17,2,0.02650468610227108,0.9536994099617004,0.7629668116569519,234.07151794433594
normalized,18,3,0.02734537236392498,0.9987784028053284,0.796669602394104,245.13267517089844
normalized,19,4,0.04169473797082901,1.0694273710250854,0.8490479588508606,262.5732727050781
normalized,20,0,0.01041365321725607,0.8573188781738281,0.6896255016326904,210.35052490234375
normalized,21,1,0.059931233525276184,0.8689891695976257,0.6953878998756409,213.70474243164062
normalized,22,2,0.04052368924021721,0.9414722323417664,0.7469123601913452,231.19522094726562
normalized,23,3,0.06988439708948135,1.0088964700698853,0.797021746635437,248.1163787841797
normalized,24,4,0.1011224240064621,1.0806119441986084,0.8506410121917725,266.27618408203125
normalized,25,0,0.00997976679354906,0.8631831407546997,0.6947885155677795,211.78799438476562
normalized,26,1,0.05019022524356842,0.8703422546386719,0.6960886120796204,213.88502502441406
normalized,27,2,0.05031973123550415,0.9499891996383667,0.7535503506660461,233.3976287841797
normalized,28,3,0.06534024327993393,1.0031280517578125,0.7942639589309692,246.6295166015625
normalized,29,4,0.07777492702007294,1.0682458877563477,0.8408413529396057,262.77777099609375
normalized,30,0,0.01314503699541092,0.8657857775688171,0.6958693265914917,212.43682861328125
normalized,31,1,0.04240523651242256,0.8649148941040039,0.6884552836418152,212.45359802246094
normalized,32,2,0.019015777856111526,0.93487548828125,0.7388079762458801,229.41036987304688
normalized,33,3,0.0307430699467659,0.9940314292907715,0.785251796245575,243.99276733398438
normalized,34,4,0.05132249370217323,1.0648008584976196,0.8362662196159363,261.5421447753906
normalized,35,0,0.012513796798884869,0.8643937110900879,0.6921254396438599,212.0931396484375
normalized,36,1,0.04103934392333031,0.8721041679382324,0.6930046677589417,214.19924926757812
denormalized,0,0,0.05234569311141968,1.9226888418197632,1.3626899719238281,471.8883972167969
denormalized,1,1,0.040305860340595245,2.009765148162842,1.4052292108535767,493.1760559082031
denormalized,2,2,0.0036134207621216774,2.2995409965515137,1.5680752992630005,564.17138671875
denormalized,3,3,-0.038479916751384735,2.4247124195098877,1.6370164155960083,594.9551391601562
denormalized,4,4,-0.03430299088358879,2.591017007827759,1.7336429357528687,635.7371826171875
denormalized,5,0,0.15514419972896576,1.7949129343032837,1.316191554069519,442.007080078125
denormalized,6,1,0.15655136108398438,1.8925626277923584,1.369356393814087,465.9080810546875
denormalized,7,2,0.17207133769989014,2.169947862625122,1.5361971855163574,534.0474243164062
denormalized,8,3,0.17000536620616913,2.3032217025756836,1.6178003549575806,566.6109619140625
denormalized,9,4,0.19668564200401306,2.4794399738311768,1.724530577659607,610.2182006835938
denormalized,10,0,0.06856991350650787,1.7748408317565918,1.2926671504974365,435.76531982421875
denormalized,11,1,0.089557945728302,1.8779174089431763,1.3472164869308472,461.2528991699219
denormalized,12,2,0.1100640743970871,2.131202220916748,1.498443365097046,523.5670166015625
denormalized,13,3,0.15837077796459198,2.292440891265869,1.5974029302597046,563.7691650390625
denormalized,14,4,0.19381894171237946,2.483497142791748,1.714142084121704,611.1552734375
denormalized,15,0,0.06863265484571457,1.798296332359314,1.3037241697311401,441.5162048339844
denormalized,16,1,0.05960042402148247,1.9356440305709839,1.3780275583267212,475.11700439453125
denormalized,17,2,0.07112541049718857,2.2162797451019287,1.5447633266448975,544.0230712890625
denormalized,18,3,0.07909127324819565,2.3473923206329346,1.6199030876159668,576.2374267578125
denormalized,19,4,0.1182665154337883,2.5462541580200195,1.7315552234649658,625.3731079101562
denormalized,20,0,0.002666572807356715,1.8431055545806885,1.3221731185913086,452.18890380859375
denormalized,21,1,0.09637437015771866,1.9556523561477661,1.3761996030807495,480.38311767578125
denormalized,22,2,0.046068813651800156,2.1797397136688232,1.4958422183990479,534.8978881835938
denormalized,23,3,0.110171377658844,2.3416030406951904,1.5848222970962524,575.1256103515625
denormalized,24,4,0.17370444536209106,2.53092885017395,1.6872464418411255,622.400390625
denormalized,25,0,0.011620561592280865,1.8594298362731934,1.3326897621154785,456.2024230957031
denormalized,26,1,0.08939757943153381,1.9765889644622803,1.387135624885559,485.43310546875
denormalized,27,2,0.09253399819135666,2.2147014141082764,1.5213193893432617,543.8302001953125
denormalized,28,3,0.12920069694519043,2.3537380695343018,1.5987857580184937,578.3367309570312
denormalized,29,4,0.17448319494724274,2.5189332962036133,1.6910516023635864,619.4774169921875
denormalized,30,0,0.017592068761587143,1.8251208066940308,1.3207148313522339,447.7969055175781
denormalized,31,1,0.06462313234806061,1.9271981716156006,1.3621795177459717,473.0855712890625
denormalized,32,2,0.02328324131667614,2.1340668201446533,1.4810693264007568,523.6041870117188
denormalized,33,3,0.0550752654671669,2.284780263900757,1.5717391967773438,560.712158203125
denormalized,34,4,0.11188341677188873,2.4863784313201904,1.6802960634231567,610.6268310546875
denormalized,35,0,0.01582605019211769,1.8169201612472534,1.3131732940673828,445.7811279296875
denormalized,36,1,0.06853748857975006,1.9272993803024292,1.3645519018173218,473.1434631347656
