frame,luma,delta_vs_prev
0,37.476200,
1,37.241882,-0.00625244
2,37.410191,0.00451933
3,37.806080,0.01058239
4,54.959431,0.45371937
5,55.845215,0.01611705
6,57.444359,0.02863529
7,61.875286,0.07713425
8,53.208420,-0.14006992
9,54.405434,0.02249670
10,56.439598,0.03738899
11,62.224522,0.10249760
12,47.973965,-0.22901834
13,48.797428,0.01716480
14,50.459785,0.03406649
15,56.117527,0.11212377
16,37.463154,-0.33241617
17,37.809826,0.00925368
18,39.038139,0.03248662
19,40.142689,0.02829411
20,38.966156,-0.02930877
21,38.978214,0.00030945
22,39.887699,0.02333316
23,40.643578,0.01895016
24,39.533482,-0.02731295
25,39.747639,0.00541711
26,40.106602,0.00903105
27,40.447647,0.00850347
28,40.476246,0.00070706
29,40.520576,0.00109523
30,40.406364,-0.00281862
31,40.683678,0.00686311
32,40.512897,-0.00419776
33,40.670387,0.00388740
34,40.195919,-0.01166618
35,40.458378,0.00652949
36,40.368008,-0.00223366
37,40.538544,0.00422453
38,39.754818,-0.01933285
39,40.167583,0.01038278
40,39.602173,-0.01407629
41,39.789272,0.00472447
42,38.771477,-0.02557965
43,39.327141,0.01433177
44,39.390240,0.00160446
45,39.586456,0.00498135
46,38.775936,-0.02047468
47,39.343014,0.01462447
48,39.420425,0.00196761
49,39.611061,0.00483596
50,39.015312,-0.01503996
51,39.562397,0.01402231
52,39.684669,0.00309062
53,39.862289,0.00447578
54,39.487434,-0.00940375
55,39.980984,0.01249890
56,39.854290,-0.00316885
57,39.993763,0.00349957
58,39.784252,-0.00523859
59,40.169968,0.00969518
60,39.914539,-0.00635869
61,39.971043,0.00141561
62,39.933872,-0.00092993
63,40.173565,0.00600224
64,39.930199,-0.00605787
65,39.899834,-0.00076045
66,39.984921,0.00213251
67,40.113876,0.00322511
68,39.925896,-0.00468618
69,39.819595,-0.00266244
70,39.984917,0.00415176
71,40.033161,0.00120657
72,39.946136,-0.00217382
73,39.786167,-0.00400463
74,39.994984,0.00524847
75,39.980843,-0.00035357
76,39.930439,-0.00126069
77,39.732082,-0.00496755
78,39.952106,0.00553769
79,39.931011,-0.00052801
80,39.882675,-0.00121049
81,39.677181,-0.00515246
82,39.917614,0.00605972
83,39.989449,0.00179957
84,39.814495,-0.00437499
85,39.645782,-0.00423747
86,39.908524,0.00662721
87,40.247482,0.00849339
88,40.650810,0.01002120
89,40.956985,0.00753184
90,41.578407,0.01517255
91,46.264122,0.11269587
92,48.468513,0.04764797
93,49.788692,0.02723787
94,50.574944,0.01579176
95,58.910099,0.16480800
96,50.138271,-0.14890193
97,51.386070,0.02488715
98,52.027416,0.01248093
99,60.017181,0.15356836
100,48.247982,-0.19609717
101,49.120670,0.01808756
102,49.916782,0.01620727
103,57.904705,0.16002479
104,40.831604,-0.29484825
105,40.919701,0.00215756
106,41.411072,0.01200818
107,42.156017,0.01798904
108,40.964367,-0.02826762
109,41.032524,0.00166382
110,41.483379,0.01098775
111,41.696072,0.00512717
112,41.349388,-0.00831454
113,41.392685,0.00104710
114,41.793636,0.00968653
115,41.804581,0.00026187
116,41.656162,-0.00355029
117,41.673454,0.00041511
118,42.017979,0.00826724
119,41.930328,-0.00208602
120,41.914822,-0.00036982
121,41.907600,-0.00017228
122,42.209961,0.00721493
123,42.129230,-0.00191259
